{"Valence": {"2": 0.0660423034591926, "5": 0.12168391894418784, "6": 0.12168391894418784, "7": 0.05911587576667782, "8": 0.12551014801488486, "9": 0.08256539505203181, "10": 0.03600016784714688, "11": 0.09949249115047898, "13": -0.04234342781202982, "17": -0.11722371127661507, "4": 0.23933344275741553, "12": 0.0, "25": -0.12172503936552725, "19": -0.13070857535646052, "15": -0.04583157247748465, "14": 0.03255633239173095, "18": -0.08772675219115722, "26": -0.043306898654515924, "20": -0.05571881300326914, "16": 0.008280338939752663, "21": -0.06087330963986359, "24": -0.09622136373319246, "22": 0.015377622332834462, "23": -0.08555714175123558, "28": 0.0, "27": 0.0033526369689820257}, "Arousal": {"2": 0.1425946088074298, "5": 0.1561181191929648, "6": 0.1561181191929648, "7": 0.022274831436128184, "8": 0.1621567620591834, "9": 0.10503645452732957, "10": 0.059767720045588946, "11": 0.13788657441540986, "13": -0.04245838185307754, "17": -0.15915220234391847, "4": 0.26699969858658745, "12": 0.0, "25": -0.03622971395620572, "19": -0.1794549730186774, "15": -0.10071004947324186, "14": 0.04083653174938651, "18": -0.19627123728554652, "26": -0.1575645287616412, "20": -0.08989716727931973, "16": -0.03858503919346912, "21": -0.15544281849053954, "24": -0.005664356180397012, "22": 0.012873723775373824, "23": -0.024981371239334915, "28": 0.0, "27": 0.0}, "Dominance": {"2": 0.12105284276171846, "5": 0.15603886507019837, "6": 0.15603886507019837, "7": 0.0029019597842493416, "8": 0.15384893713676306, "9": 0.09007296593992453, "10": 0.05189123642146232, "11": 0.19026429907188364, "13": -0.1302668219352524, "17": -0.15551297074281967, "4": 0.27068825990310996, "12": 0.17538797067051748, "25": -0.02515147367771331, "19": -0.1625735331676812, "15": -0.07026054131699866, "14": 0.03589763708770788, "18": -0.08605710269858935, "26": -0.006253172091543302, "20": -0.07430260782570386, "16": -0.1900253459537529, "21": -0.06540599110834333, "24": -0.033591336590242604, "22": -0.12241439706755464, "23": -0.06306041234691034, "28": 0.22410361887776703, "27": 0.006481511149310226}}