{"Valence": {"2": {"Diferencia": 0.0660423034591926, "Dif_Promedio": 0.05799654060122006}, "5": {"Diferencia": 0.12168391894418784, "Dif_Promedio": 0.09285862511646148}, "6": {"Diferencia": 0.12168391894418784, "Dif_Promedio": 0.09285862511646148}, "7": {"Diferencia": 0.05911587576667782, "Dif_Promedio": 0.009802632529838373}, "8": {"Diferencia": 0.12551014801488486, "Dif_Promedio": 0.10852061867276852}, "9": {"Diferencia": 0.08256539505203181, "Dif_Promedio": 0.0480583686935685}, "10": {"Diferencia": 0.03600016784714688, "Dif_Promedio": 0.016812261126586403}, "11": {"Diferencia": 0.09949249115047898, "Dif_Promedio": 0.08939173062758776}, "13": {"Diferencia": -0.04234342781202982, "Dif_Promedio": -0.006519884823848909}, "17": {"Diferencia": -0.11722371127661507, "Dif_Promedio": -0.02479350915326034}, "4": {"Diferencia": 0.23933344275741553, "Dif_Promedio": 0.23852351570916708}, "12": {"Diferencia": 0.0, "Dif_Promedio": 0.0}, "25": {"Diferencia": -0.12172503936552725, "Dif_Promedio": -0.11122084815124311}, "19": {"Diferencia": -0.13070857535646052, "Dif_Promedio": -0.05750292655275757}, "15": {"Diferencia": -0.04583157247748465, "Dif_Promedio": -0.037456259740482334}, "14": {"Diferencia": 0.03255633239173095, "Dif_Promedio": 0.026717125566818156}, "18": {"Diferencia": -0.08772675219115722, "Dif_Promedio": -0.07021108931711906}, "26": {"Diferencia": -0.043306898654515924, "Dif_Promedio": -0.04110857892586023}, "20": {"Diferencia": -0.05571881300326914, "Dif_Promedio": -0.042519771005878726}, "16": {"Diferencia": 0.008280338939752663, "Dif_Promedio": 0.007958092246665993}, "21": {"Diferencia": -0.06087330963986359, "Dif_Promedio": -0.055414281871821625}, "24": {"Diferencia": -0.09622136373319246, "Dif_Promedio": -0.09263951939794668}, "22": {"Diferencia": 0.015377622332834462, "Dif_Promedio": 0.014909268353154315}, "23": {"Diferencia": -0.08555714175123558, "Dif_Promedio": -0.0771606709871549}, "28": {"Diferencia": 0.0, "Dif_Promedio": 0.0}, "27": {"Diferencia": 0.0033526369689820257, "Dif_Promedio": 0.0033129272248486608}}, "Arousal": {"2": {"Diferencia": 0.1425946088074298, "Dif_Promedio": 0.12256863159758769}, "5": {"Diferencia": 0.1561181191929648, "Dif_Promedio": 0.11913582361425912}, "6": {"Diferencia": 0.1561181191929648, "Dif_Promedio": 0.11913582361425912}, "7": {"Diferencia": 0.022274831436128184, "Dif_Promedio": 0.0036182467307416255}, "8": {"Diferencia": 0.1621567620591834, "Dif_Promedio": 0.13910910044671065}, "9": {"Diferencia": 0.10503645452732957, "Dif_Promedio": 0.06255978340714047}, "10": {"Diferencia": 0.059767720045588946, "Dif_Promedio": 0.026293751627501083}, "11": {"Diferencia": 0.13788657441540986, "Dif_Promedio": 0.12108821001962389}, "13": {"Diferencia": -0.04245838185307754, "Dif_Promedio": -0.007256000959663}, "17": {"Diferencia": -0.15915220234391847, "Dif_Promedio": -0.03743173625347662}, "4": {"Diferencia": 0.26699969858658745, "Dif_Promedio": 0.2647408178878854}, "12": {"Diferencia": 0.0, "Dif_Promedio": 0.0}, "25": {"Diferencia": -0.03622971395620572, "Dif_Promedio": -0.03457454935922172}, "19": {"Diferencia": -0.1794549730186774, "Dif_Promedio": -0.08441367597156058}, "15": {"Diferencia": -0.10071004947324186, "Dif_Promedio": -0.08230618256442607}, "14": {"Diferencia": 0.04083653174938651, "Dif_Promedio": 0.032199363443678686}, "18": {"Diferencia": -0.19627123728554652, "Dif_Promedio": -0.162729113823888}, "26": {"Diferencia": -0.1575645287616412, "Dif_Promedio": -0.15463185563748208}, "20": {"Diferencia": -0.08989716727931973, "Dif_Promedio": -0.06495108363497382}, "16": {"Diferencia": -0.03858503919346912, "Dif_Promedio": -0.037018134048556695}, "21": {"Diferencia": -0.15544281849053954, "Dif_Promedio": -0.14045087152952296}, "24": {"Diferencia": -0.005664356180397012, "Dif_Promedio": -0.005319319255702781}, "22": {"Diferencia": 0.012873723775373824, "Dif_Promedio": 0.01219845230830685}, "23": {"Diferencia": -0.024981371239334915, "Dif_Promedio": -0.022233843099644934}, "28": {"Diferencia": 0.0, "Dif_Promedio": 0.0}, "27": {"Diferencia": 0.0, "Dif_Promedio": 0.0}}, "Dominance": {"2": {"Diferencia": 0.12105284276171846, "Dif_Promedio": 0.1058956340233646}, "5": {"Diferencia": 0.15603886507019837, "Dif_Promedio": 0.11907534373377238}, "6": {"Diferencia": 0.15603886507019837, "Dif_Promedio": 0.11907534373377238}, "7": {"Diferencia": 0.0029019597842493416, "Dif_Promedio": 0.0006039611733716921}, "8": {"Diferencia": 0.15384893713676306, "Dif_Promedio": 0.13198208312747695}, "9": {"Diferencia": 0.09007296593992453, "Dif_Promedio": 0.05303788857376268}, "10": {"Diferencia": 0.05189123642146232, "Dif_Promedio": 0.02361885380266221}, "11": {"Diferencia": 0.19026429907188364, "Dif_Promedio": 0.1712700627855196}, "13": {"Diferencia": -0.1302668219352524, "Dif_Promedio": -0.018074246021473284}, "17": {"Diferencia": -0.15551297074281967, "Dif_Promedio": -0.034207590857134595}, "4": {"Diferencia": 0.27068825990310996, "Dif_Promedio": 0.26977222518262567}, "12": {"Diferencia": 0.17538797067051748, "Dif_Promedio": 0.17390414689157907}, "25": {"Diferencia": -0.02515147367771331, "Dif_Promedio": -0.022725697028593728}, "19": {"Diferencia": -0.1625735331676812, "Dif_Promedio": -0.06491938041890483}, "15": {"Diferencia": -0.07026054131699866, "Dif_Promedio": -0.057539935697846656}, "14": {"Diferencia": 0.03589763708770788, "Dif_Promedio": 0.029580624808314304}, "18": {"Diferencia": -0.08605710269858935, "Dif_Promedio": -0.06785551583340543}, "26": {"Diferencia": -0.006253172091543302, "Dif_Promedio": -0.005819364890607137}, "20": {"Diferencia": -0.07430260782570386, "Dif_Promedio": -0.057581377976602954}, "16": {"Diferencia": -0.1900253459537529, "Dif_Promedio": -0.18488083574180694}, "21": {"Diferencia": -0.06540599110834333, "Dif_Promedio": -0.06097918967969068}, "24": {"Diferencia": -0.033591336590242604, "Dif_Promedio": -0.03234089766471748}, "22": {"Diferencia": -0.12241439706755464, "Dif_Promedio": -0.11640759924190469}, "23": {"Diferencia": -0.06306041234691034, "Dif_Promedio": -0.05729854725937539}, "28": {"Diferencia": 0.22410361887776703, "Dif_Promedio": 0.22220764917490943}, "27": {"Diferencia": 0.006481511149310226, "Dif_Promedio": 0.006382807933838552}}}