{"Valence": {"2": 0.05799654060122006, "5": 0.09285862511646148, "6": 0.09285862511646148, "7": 0.009802632529838373, "8": 0.10852061867276852, "9": 0.0480583686935685, "10": 0.016812261126586403, "11": 0.08939173062758776, "13": -0.006519884823848909, "17": -0.02479350915326034, "4": 0.23852351570916708, "12": 0.0, "25": -0.11122084815124311, "19": -0.05750292655275757, "15": -0.037456259740482334, "14": 0.026717125566818156, "18": -0.07021108931711906, "26": -0.04110857892586023, "20": -0.042519771005878726, "16": 0.007958092246665993, "21": -0.055414281871821625, "24": -0.09263951939794668, "22": 0.014909268353154315, "23": -0.0771606709871549, "28": 0.0, "27": 0.0033129272248486608}, "Arousal": {"2": 0.12256863159758769, "5": 0.11913582361425912, "6": 0.11913582361425912, "7": 0.0036182467307416255, "8": 0.13910910044671065, "9": 0.06255978340714047, "10": 0.026293751627501083, "11": 0.12108821001962389, "13": -0.007256000959663, "17": -0.03743173625347662, "4": 0.2647408178878854, "12": 0.0, "25": -0.03457454935922172, "19": -0.08441367597156058, "15": -0.08230618256442607, "14": 0.032199363443678686, "18": -0.162729113823888, "26": -0.15463185563748208, "20": -0.06495108363497382, "16": -0.037018134048556695, "21": -0.14045087152952296, "24": -0.005319319255702781, "22": 0.01219845230830685, "23": -0.022233843099644934, "28": 0.0, "27": 0.0}, "Dominance": {"2": 0.1058956340233646, "5": 0.11907534373377238, "6": 0.11907534373377238, "7": 0.0006039611733716921, "8": 0.13198208312747695, "9": 0.05303788857376268, "10": 0.02361885380266221, "11": 0.1712700627855196, "13": -0.018074246021473284, "17": -0.034207590857134595, "4": 0.26977222518262567, "12": 0.17390414689157907, "25": -0.022725697028593728, "19": -0.06491938041890483, "15": -0.057539935697846656, "14": 0.029580624808314304, "18": -0.06785551583340543, "26": -0.005819364890607137, "20": -0.057581377976602954, "16": -0.18488083574180694, "21": -0.06097918967969068, "24": -0.03234089766471748, "22": -0.11640759924190469, "23": -0.05729854725937539, "28": 0.22220764917490943, "27": 0.006382807933838552}}